"grupo","n","media_pbi","media_ind","media_gini"
"Menos industrializado",7,10585.7890699936,1485.86036895273,46.52
"Más industrializado",8,35899.1911071495,5346.93141047707,37.35
