"muestra","n","coef_pendiente","r_cuadrado","p_valor"
"Con China",60,-0.00128462600793717,0.0553325673740873,0.0704161430871023
"Sin China",56,-0.00252773762237341,0.101871599887198,0.0164990649701331
