"grupo","n","media","mediana","desvio","minimo","maximo"
"Menos industrializado",7,137.836272341509,145.509383573614,67.6803363656559,40.5551783000534,253.510507309306
"Más industrializado",8,942.202202695834,287.035362056053,1433.85565471471,145.637831276743,4244.41635308005
