"termino","2.5 %","97.5 %","estimacion","r_cuadrado","r_cuadrado_adj","p_valor"
"(Intercept)",39.7242446067916,44.5474764750693,42.1358605409304,0.11614370989639,0.10090480834288,1.11356561128778e-40
"variacion_idx",-0.00196917797382649,-0.000313830234394728,-0.00114150410411061,0.11614370989639,0.10090480834288,0.00770882932277628
