"n","media","mediana","desvio","minimo","maximo"
467,40.8635974304069,39.1,8.84796976740834,27.1,63.2
