"grupo","n","media_pbi","media_ind","media_gini"
"Menos industrializado",7,10585.7890699936,1485.86036895273,46.52
"Más industrializado",7,39244.1958532541,5626.48141932845,37.35
