"termino","2.5 %","97.5 %","estimacion"
"(Intercept)",39.7242446067916,44.5474764750693,42.1358605409304
"variacion_idx",-0.00196917797382649,-0.000313830234394728,-0.00114150410411061
